id,nome,conogme,codice_fiscale,note
1,James,Butt,504-621-8927,jbutt@gmail.com
2,Josephine,Darakjy,810-292-9388,josephine_darakjy@darakjy.org
3,Art,Venere,856-636-8749,art@venere.org
4,Lenna,Paprocki,907-385-4412,lpaprocki@hotmail.com
5,Donette,Foller,513-570-1893,donette.foller@cox.net
6,Simona,Morasca,419-503-2484,simona@morasca.com
7,Mitsue,Tollner,773-573-6914,mitsue_tollner@yahoo.com
8,Leota,Dilliard,408-752-3500,leota@hotmail.com
9,Sage,Wieser,605-414-2147,sage_wieser@cox.net
10,Kris,Marrier,410-655-8723,kris@gmail.com
11,Minna,Amigon,215-874-1229,minna_amigon@yahoo.com
12,Abel,Maclead,631-335-3414,amaclead@gmail.com
13,Kiley,Caldarera,310-498-5651,kiley.caldarera@aol.com
14,Graciela,Ruta,440-780-8425,gruta@cox.net
15,Cammy,Albares,956-537-6195,calbares@gmail.com
16,Mattie,Poquette,602-277-4385,mattie@aol.com
17,Meaghan,Garufi,931-313-9635,meaghan@hotmail.com
18,Gladys,Rim,414-661-9598,gladys.rim@rim.org
19,Yuki,Whobrey,313-288-7937,yuki_whobrey@aol.com
20,Fletcher,Flosi,815-828-2147,fletcher.flosi@yahoo.com
21,Bette,Nicka,610-545-3615,bette_nicka@cox.net
22,Veronika,Inouye,408-540-1785,vinouye@aol.com
23,Willard,Kolmetz,972-303-9197,willard@hotmail.com
24,Maryann,Royster,518-966-7987,mroyster@royster.com
25,Alisha,Slusarski,732-658-3154,alisha@slusarski.com
26,Allene,Iturbide,715-662-6764,allene_iturbide@cox.net
27,Chanel,Caudy,913-388-2079,chanel.caudy@caudy.org
28,Ezekiel,Chui,410-669-1642,ezekiel@chui.com
29,Willow,Kusko,212-582-4976,wkusko@yahoo.com
30,Bernardo,Figeroa,936-336-3951,bfigeroa@aol.com
31,Ammie,Corrio,614-801-9788,ammie@corrio.com
32,Francine,Vocelka,505-977-3911,francine_vocelka@vocelka.com
33,Ernie,Stenseth,201-709-6245,ernie_stenseth@aol.com
34,Albina,Glick,732-924-7882,albina@glick.com
35,Alishia,Sergi,212-860-1579,asergi@gmail.com
36,Solange,Shinko,504-979-9175,solange@shinko.com
37,Jose,Stockham,212-675-8570,jose@yahoo.com
38,Rozella,Ostrosky,805-832-6163,rozella.ostrosky@ostrosky.com
39,Valentine,Gillian,210-812-9597,valentine_gillian@gmail.com
40,Kati,Rulapaugh,785-463-7829,kati.rulapaugh@hotmail.com
41,Youlanda,Schemmer,541-548-8197,youlanda@aol.com
42,Dyan,Oldroyd,913-413-4604,doldroyd@aol.com
43,Roxane,Campain,907-231-4722,roxane@hotmail.com
44,Lavera,Perin,305-606-7291,lperin@perin.org
45,Erick,Ferencz,907-741-1044,erick.ferencz@aol.com
46,Fatima,Saylors,952-768-2416,fsaylors@saylors.org
47,Jina,Briddick,617-399-5124,jina_briddick@briddick.com
48,Kanisha,Waycott,323-453-2780,kanisha_waycott@yahoo.com
49,Emerson,Bowley,608-336-7444,emerson.bowley@bowley.org
50,Blair,Malet,215-907-9111,bmalet@yahoo.com
51,Brock,Bolognia,212-402-9216,bbolognia@yahoo.com
52,Lorrie,Nestle,931-875-6644,lnestle@hotmail.com
53,Sabra,Uyetake,803-925-5213,sabra@uyetake.org
54,Marjory,Mastella,610-814-5533,mmastella@mastella.com
55,Karl,Klonowski,908-877-6135,karl_klonowski@yahoo.com
56,Tonette,Wenner,516-968-6051,twenner@aol.com
57,Amber,Monarrez,215-934-8655,amber_monarrez@monarrez.org
58,Shenika,Seewald,818-423-4007,shenika@gmail.com
59,Delmy,Ahle,401-458-2547,delmy.ahle@hotmail.com
60,Deeanna,Juhas,215-211-9589,deeanna_juhas@gmail.com
61,Blondell,Pugh,401-960-8259,bpugh@aol.com
62,Jamal,Vanausdal,732-234-1546,jamal@vanausdal.org
63,Cecily,Hollack,512-486-3817,cecily@hollack.org
64,Carmelina,Lindall,303-724-7371,carmelina_lindall@lindall.com
65,Maurine,Yglesias,414-748-1374,maurine_yglesias@yglesias.com
66,Tawna,Buvens,212-674-9610,tawna@gmail.com
67,Penney,Weight,907-797-9628,penney_weight@aol.com
68,Elly,Morocco,814-393-5571,elly_morocco@gmail.com
69,Ilene,Eroman,410-914-9018,ilene.eroman@hotmail.com
70,Vallie,Mondella,208-862-5339,vmondella@mondella.com
71,Kallie,Blackwood,415-315-2761,kallie.blackwood@gmail.com
72,Johnetta,Abdallah,919-225-9345,johnetta_abdallah@aol.com
73,Bobbye,Rhym,650-528-5783,brhym@rhym.com
74,Micaela,Rhymes,925-647-3298,micaela_rhymes@gmail.com
75,Tamar,Hoogland,740-343-8575,tamar@hotmail.com
76,Moon,Parlato,585-866-8313,moon@yahoo.com
77,Laurel,Reitler,410-520-4832,laurel_reitler@reitler.com
78,Delisa,Crupi,973-354-2040,delisa.crupi@crupi.com
79,Viva,Toelkes,773-446-5569,viva.toelkes@gmail.com
80,Elza,Lipke,973-927-3447,elza@yahoo.com
81,Devorah,Chickering,505-975-8559,devorah@hotmail.com
82,Timothy,Mulqueen,718-332-6527,timothy_mulqueen@mulqueen.org
83,Arlette,Honeywell,904-775-4480,ahoneywell@honeywell.com
84,Dominque,Dickerson,510-993-3758,dominque.dickerson@dickerson.org
85,Lettie,Isenhower,216-657-7668,lettie_isenhower@yahoo.com
86,Myra,Munns,817-914-7518,mmunns@cox.net
87,Stephaine,Barfield,310-774-7643,stephaine@barfield.com
88,Lai,Gato,847-728-7286,lai.gato@gato.org
89,Stephen,Emigh,330-537-5358,stephen_emigh@hotmail.com
90,Tyra,Shields,215-255-1641,tshields@gmail.com
91,Tammara,Wardrip,650-803-1936,twardrip@cox.net
92,Cory,Gibes,626-572-1096,cory.gibes@gmail.com
93,Danica,Bruschke,254-782-8569,danica_bruschke@gmail.com
94,Wilda,Giguere,907-870-5536,wilda@cox.net
95,Elvera,Benimadho,408-703-8505,elvera.benimadho@cox.net
96,Carma,Vanheusen,510-503-7169,carma@cox.net
97,Malinda,Hochard,317-722-5066,malinda.hochard@yahoo.com
98,Natalie,Fern,307-704-8713,natalie.fern@hotmail.com
99,Lisha,Centini,703-235-3937,lisha@centini.org
100,Arlene,Klusman,504-710-5840,arlene_klusman@gmail.com
101,Alease,Buemi,303-301-4946,alease@buemi.com
102,Louisa,Cronauer,510-828-7047,louisa@cronauer.com
103,Angella,Cetta,808-892-7943,angella.cetta@hotmail.com
104,Cyndy,Goldammer,952-334-9408,cgoldammer@cox.net
105,Rosio,Cork,336-243-5659,rosio.cork@gmail.com
106,Celeste,Korando,516-509-2347,ckorando@hotmail.com
107,Twana,Felger,503-939-3153,twana.felger@felger.org
108,Estrella,Samu,608-976-7199,estrella@aol.com
109,Donte,Kines,508-429-8576,dkines@hotmail.com
110,Tiffiny,Steffensmeier,305-385-9695,tiffiny_steffensmeier@cox.net
111,Edna,Miceli,814-460-2655,emiceli@miceli.org
112,Sue,Kownacki,972-666-3413,sue@aol.com
113,Jesusa,Shin,931-273-8709,jshin@shin.com
114,Rolland,Francescon,973-649-2922,rolland@cox.net
115,Pamella,Schmierer,305-420-8970,pamella.schmierer@schmierer.org
116,Glory,Kulzer,410-224-9462,gkulzer@kulzer.org
117,Shawna,Palaspas,805-275-3566,shawna_palaspas@palaspas.org
118,Brandon,Callaro,808-215-6832,brandon_callaro@hotmail.com
119,Scarlet,Cartan,229-735-3378,scarlet.cartan@yahoo.com
120,Oretha,Menter,617-418-5043,oretha_menter@yahoo.com
121,Ty,Smith,201-672-1553,tsmith@aol.com
122,Xuan,Rochin,650-933-5072,xuan@gmail.com
123,Lindsey,Dilello,909-639-9887,lindsey.dilello@hotmail.com
124,Devora,Perez,510-955-3016,devora_perez@perez.org
125,Herman,Demesa,518-497-2940,hdemesa@cox.net
126,Rory,Papasergi,570-867-7489,rpapasergi@cox.net
127,Talia,Riopelle,973-245-2133,talia_riopelle@aol.com
128,Van,Shire,908-409-2890,van.shire@shire.com
129,Lucina,Lary,321-749-4981,lucina_lary@cox.net
130,Bok,Isaacs,718-809-3762,bok.isaacs@aol.com
131,Rolande,Spickerman,808-315-3077,rolande.spickerman@spickerman.com
132,Howard,Paulas,303-623-4241,hpaulas@gmail.com
133,Kimbery,Madarang,973-310-1634,kimbery_madarang@cox.net
134,Thurman,Manno,609-524-3586,thurman.manno@yahoo.com
135,Becky,Mirafuentes,908-877-8409,becky.mirafuentes@mirafuentes.com
136,Beatriz,Corrington,508-584-4279,beatriz@yahoo.com
137,Marti,Maybury,773-775-4522,marti.maybury@yahoo.com
138,Nieves,Gotter,503-527-5274,nieves_gotter@gmail.com
139,Leatha,Hagele,214-339-1809,lhagele@cox.net
140,Valentin,Klimek,312-303-5453,vklimek@klimek.org
141,Melissa,Wiklund,419-939-3613,melissa@cox.net
142,Sheridan,Zane,951-645-3605,sheridan.zane@zane.com
143,Bulah,Padilla,254-463-4368,bulah_padilla@hotmail.com
144,Audra,Kohnert,615-406-7854,audra@kohnert.com
145,Daren,Weirather,414-959-2540,dweirather@aol.com
146,Fernanda,Jillson,410-387-5260,fjillson@aol.com
147,Gearldine,Gellinger,972-934-6914,gearldine_gellinger@gellinger.com
148,Chau,Kitzman,310-560-8022,chau@gmail.com
149,Theola,Frey,516-948-5768,theola_frey@frey.com
150,Cheryl,Haroldson,609-518-7697,cheryl@haroldson.org
151,Laticia,Merced,513-508-7371,lmerced@gmail.com
152,Carissa,Batman,541-326-4074,carissa.batman@yahoo.com
153,Lezlie,Craghead,919-533-3762,lezlie.craghead@craghead.org
154,Ozell,Shealy,212-332-8435,oshealy@hotmail.com
155,Arminda,Parvis,602-906-9419,arminda@parvis.com
156,Reita,Leto,317-234-1135,reita.leto@gmail.com
157,Yolando,Luczki,315-304-4759,yolando@cox.net
158,Lizette,Stem,856-487-5412,lizette.stem@aol.com
159,Gregoria,Pawlowicz,516-212-1915,gpawlowicz@yahoo.com
160,Carin,Deleo,501-308-1040,cdeleo@deleo.com
161,Chantell,Maynerich,651-591-2583,chantell@yahoo.com
162,Dierdre,Yum,215-325-3042,dyum@yahoo.com
163,Larae,Gudroe,985-890-7262,larae_gudroe@gmail.com
164,Latrice,Tolfree,631-957-7624,latrice.tolfree@hotmail.com
165,Kerry,Theodorov,916-591-3277,kerry.theodorov@gmail.com
166,Dorthy,Hidvegi,208-649-2373,dhidvegi@yahoo.com
167,Fannie,Lungren,512-587-5746,fannie.lungren@yahoo.com
168,Evangelina,Radde,215-964-3284,evangelina@aol.com
169,Novella,Degroot,808-477-4775,novella_degroot@degroot.org
170,Clay,Hoa,775-501-8109,choa@hoa.org
171,Jennifer,Fallick,847-979-9545,jfallick@yahoo.com
172,Irma,Wolfgramm,973-545-7355,irma.wolfgramm@hotmail.com
173,Eun,Coody,864-256-3620,eun@yahoo.com
174,Sylvia,Cousey,410-209-9545,sylvia_cousey@cousey.org
175,Nana,Wrinkles,914-855-2115,nana@aol.com
176,Layla,Springe,212-260-3151,layla.springe@cox.net
177,Joesph,Degonia,510-677-9785,joesph_degonia@degonia.org
178,Annabelle,Boord,978-697-6263,annabelle.boord@cox.net
179,Stephaine,Vinning,415-767-6596,stephaine@cox.net
180,Nelida,Sawchuk,201-971-1638,nelida@gmail.com
181,Marguerita,Hiatt,925-634-7158,marguerita.hiatt@gmail.com
182,Carmela,Cookey,773-494-4195,ccookey@cookey.org
183,Junita,Brideau,973-943-3423,jbrideau@aol.com
184,Claribel,Varriano,419-544-4900,claribel_varriano@cox.net
185,Benton,Skursky,310-579-2907,benton.skursky@aol.com
186,Hillary,Skulski,352-242-2570,hillary.skulski@aol.com
187,Merilyn,Bayless,408-758-5015,merilyn_bayless@cox.net
188,Teri,Ennaco,570-889-5187,tennaco@gmail.com
189,Merlyn,Lawler,201-588-7810,merlyn_lawler@hotmail.com
190,Georgene,Montezuma,925-615-5185,gmontezuma@cox.net
191,Jettie,Mconnell,908-802-3564,jmconnell@hotmail.com
192,Lemuel,Latzke,631-748-6479,lemuel.latzke@gmail.com
193,Melodie,Knipp,805-690-1682,mknipp@gmail.com
194,Candida,Corbley,908-275-8357,candida_corbley@hotmail.com
195,Karan,Karpin,503-940-8327,karan_karpin@gmail.com
196,Andra,Scheyer,503-516-2189,andra@gmail.com
197,Felicidad,Poullion,856-305-9731,fpoullion@poullion.com
198,Belen,Strassner,770-507-8791,belen_strassner@aol.com
199,Gracia,Melnyk,904-235-3633,gracia@melnyk.com
200,Jolanda,Hanafan,207-458-9196,jhanafan@gmail.com
201,Barrett,Toyama,817-765-5781,barrett.toyama@toyama.org
202,Helga,Fredicks,716-752-4114,helga_fredicks@yahoo.com
203,Ashlyn,Pinilla,305-670-9628,apinilla@cox.net
204,Fausto,Agramonte,212-313-1783,fausto_agramonte@yahoo.com
205,Ronny,Caiafa,215-605-7570,ronny.caiafa@caiafa.org
206,Marge,Limmel,850-430-1663,marge@gmail.com
207,Norah,Waymire,415-306-7897,norah.waymire@gmail.com
208,Aliza,Baltimore,408-504-3552,aliza@aol.com
209,Mozell,Pelkowski,650-947-1215,mpelkowski@pelkowski.org
210,Viola,Bitsuie,818-864-4875,viola@gmail.com
211,Franklyn,Emard,215-558-8189,femard@emard.com
212,Willodean,Konopacki,337-253-8384,willodean_konopacki@konopacki.org
213,Beckie,Silvestrini,313-533-4884,beckie.silvestrini@silvestrini.com
214,Rebecka,Gesick,512-213-8574,rgesick@gesick.org
215,Frederica,Blunk,214-428-2285,frederica_blunk@gmail.com
216,Glen,Bartolet,206-697-5796,glen_bartolet@hotmail.com
217,Freeman,Gochal,610-476-3501,freeman_gochal@aol.com
218,Vincent,Meinerding,215-372-1718,vincent.meinerding@hotmail.com
219,Rima,Bevelacqua,310-858-5079,rima@cox.net
220,Glendora,Sarbacher,707-653-8214,gsarbacher@gmail.com
221,Avery,Steier,407-808-9439,avery@cox.net
222,Cristy,Lother,760-971-4322,cristy@lother.com
223,Nicolette,Brossart,508-837-9230,nicolette_brossart@brossart.com
224,Tracey,Modzelewski,936-264-9294,tracey@hotmail.com
225,Virgina,Tegarden,414-214-8697,virgina_tegarden@tegarden.com
226,Tiera,Frankel,626-636-4117,tfrankel@aol.com
227,Alaine,Bergesen,914-300-9193,alaine_bergesen@cox.net
228,Earleen,Mai,214-289-1973,earleen_mai@cox.net
229,Leonida,Gobern,228-235-5615,leonida@gobern.org
230,Ressie,Auffrey,305-604-8981,ressie.auffrey@yahoo.com
231,Justine,Mugnolo,212-304-9225,jmugnolo@yahoo.com
232,Eladia,Saulter,201-474-4924,eladia@saulter.com
233,Chaya,Malvin,734-928-5182,chaya@malvin.com
234,Gwenn,Suffield,631-258-6558,gwenn_suffield@suffield.org
235,Salena,Karpel,330-791-8557,skarpel@cox.net
236,Yoko,Fishburne,203-506-4706,yoko@fishburne.com
237,Taryn,Moyd,703-322-4041,taryn.moyd@hotmail.com
238,Katina,Polidori,978-626-2978,katina_polidori@aol.com
239,Rickie,Plumer,419-693-1334,rickie.plumer@aol.com
240,Alex,Loader,253-660-7821,alex@loader.com
241,Lashon,Vizarro,916-741-7884,lashon@aol.com
242,Lauran,Burnard,307-342-7795,lburnard@burnard.com
243,Ceola,Setter,207-627-7565,ceola.setter@setter.org
244,My,Rantanen,215-491-5633,my@hotmail.com
245,Lorrine,Worlds,813-769-2939,lorrine.worlds@worlds.com
246,Peggie,Sturiale,619-608-1763,peggie@cox.net
247,Marvel,Raymo,979-718-8968,mraymo@yahoo.com
248,Daron,Dinos,847-233-3075,daron_dinos@cox.net
249,An,Fritz,609-228-5265,an_fritz@hotmail.com
250,Portia,Stimmel,908-722-7128,portia.stimmel@aol.com
251,Rhea,Aredondo,718-560-9537,rhea_aredondo@cox.net
252,Benedict,Sama,314-787-1588,bsama@cox.net
253,Alyce,Arias,209-317-1801,alyce@arias.org
254,Heike,Berganza,973-936-5095,heike@gmail.com
255,Carey,Dopico,317-578-2453,carey_dopico@dopico.org
256,Dottie,Hellickson,206-540-6076,dottie@hellickson.org
257,Deandrea,Hughey,336-822-7652,deandrea@yahoo.com
258,Kimberlie,Duenas,785-629-8542,kimberlie_duenas@yahoo.com
259,Martina,Staback,407-471-6908,martina_staback@staback.com
260,Skye,Fillingim,612-508-2655,skye_fillingim@yahoo.com
261,Jade,Farrar,803-352-5387,jade.farrar@yahoo.com
262,Charlene,Hamilton,707-300-1771,charlene.hamilton@hotmail.com
263,Geoffrey,Acey,847-222-1734,geoffrey@gmail.com
264,Stevie,Westerbeck,949-867-4077,stevie.westerbeck@yahoo.com
265,Pamella,Fortino,303-404-2210,pamella@fortino.com
266,Harrison,Haufler,203-801-6193,hhaufler@hotmail.com
267,Johnna,Engelberg,425-986-7573,jengelberg@engelberg.org
268,Buddy,Cloney,440-989-5826,buddy.cloney@yahoo.com
269,Dalene,Riden,603-315-6839,dalene.riden@aol.com
270,Jerry,Zurcher,321-518-5938,jzurcher@zurcher.org
271,Haydee,Denooyer,212-792-8658,hdenooyer@denooyer.org
272,Joseph,Cryer,714-584-2237,joseph_cryer@cox.net
273,Deonna,Kippley,248-913-4677,deonna_kippley@hotmail.com
274,Raymon,Calvaresi,317-825-4724,raymon.calvaresi@gmail.com
275,Alecia,Bubash,940-276-7922,alecia@aol.com
276,Ma,Layous,203-721-3388,mlayous@hotmail.com
277,Detra,Coyier,410-739-9277,detra@aol.com
278,Terrilyn,Rodeigues,504-463-4384,terrilyn.rodeigues@cox.net
279,Salome,Lacovara,804-550-5097,slacovara@gmail.com
280,Garry,Keetch,215-979-8776,garry_keetch@hotmail.com
281,Matthew,Neither,952-651-7597,mneither@yahoo.com
282,Theodora,Restrepo,305-936-8226,theodora.restrepo@restrepo.com
283,Noah,Kalafatis,414-263-5287,noah.kalafatis@aol.com
284,Carmen,Sweigard,732-941-2621,csweigard@sweigard.com
285,Lavonda,Hengel,701-898-2154,lavonda@cox.net
286,Junita,Stoltzman,775-638-9963,junita@aol.com
287,Herminia,Nicolozakes,602-954-5141,herminia@nicolozakes.org
288,Casie,Good,615-390-2251,casie.good@aol.com
289,Reena,Maisto,410-351-1863,reena@hotmail.com
290,Mirta,Mallett,212-870-1286,mirta_mallett@gmail.com
291,Cathrine,Pontoriero,806-703-1435,cathrine.pontoriero@pontoriero.com
292,Filiberto,Tawil,323-765-2528,ftawil@hotmail.com
293,Raul,Upthegrove,619-509-5282,rupthegrove@yahoo.com
294,Sarah,Candlish,770-732-1194,sarah.candlish@gmail.com
295,Lucy,Treston,508-769-5250,lucy@cox.net
296,Judy,Aquas,269-756-7222,jaquas@aquas.com
297,Yvonne,Tjepkema,973-714-1721,yvonne.tjepkema@hotmail.com
298,Kayleigh,Lace,337-740-9323,kayleigh.lace@yahoo.com
299,Felix,Hirpara,717-491-5643,felix_hirpara@cox.net
300,Tresa,Sweely,314-359-9566,tresa_sweely@hotmail.com
301,Kristeen,Turinetti,817-213-8851,kristeen@gmail.com
302,Jenelle,Regusters,813-932-8715,jregusters@regusters.com
303,Renea,Monterrubio,770-679-4752,renea@hotmail.com
304,Olive,Matuszak,760-938-6069,olive@aol.com
305,Ligia,Reiber,517-906-1108,lreiber@cox.net
306,Christiane,Eschberger,602-390-4944,christiane.eschberger@yahoo.com
307,Goldie,Schirpke,207-295-7569,goldie.schirpke@yahoo.com
308,Loreta,Timenez,301-696-6420,loreta.timenez@hotmail.com
309,Fabiola,Hauenstein,717-809-3119,fabiola.hauenstein@hauenstein.org
310,Amie,Perigo,972-419-7946,amie.perigo@yahoo.com
311,Raina,Brachle,406-318-1515,raina.brachle@brachle.org
312,Erinn,Canlas,973-767-3008,erinn.canlas@canlas.com
313,Cherry,Lietz,248-980-6904,cherry@lietz.com
314,Kattie,Vonasek,216-923-3715,kattie@vonasek.org
315,Lilli,Scriven,325-631-1560,lilli@aol.com
316,Whitley,Tomasulo,817-526-4408,whitley.tomasulo@aol.com
317,Barbra,Adkin,718-201-3751,badkin@hotmail.com
318,Hermila,Thyberg,401-893-4882,hermila_thyberg@hotmail.com
319,Jesusita,Flister,717-885-9118,jesusita.flister@hotmail.com
320,Caitlin,Julia,401-948-4982,caitlin.julia@julia.org
321,Roosevelt,Hoffis,305-622-4739,roosevelt.hoffis@aol.com
322,Helaine,Halter,201-832-4168,hhalter@yahoo.com
323,Lorean,Martabano,210-856-4979,lorean.martabano@hotmail.com
324,France,Buzick,718-478-8504,france.buzick@yahoo.com
325,Justine,Ferrario,909-993-3242,jferrario@hotmail.com
326,Adelina,Nabours,216-230-4892,adelina_nabours@gmail.com
327,Derick,Dhamer,212-304-4515,ddhamer@cox.net
328,Jerry,Dallen,804-762-9576,jerry.dallen@yahoo.com
329,Leota,Ragel,706-221-4243,leota.ragel@gmail.com
330,Jutta,Amyot,337-515-1438,jamyot@hotmail.com
331,Aja,Gehrett,973-544-2677,aja_gehrett@hotmail.com
332,Kirk,Herritt,607-407-3716,kirk.herritt@aol.com
333,Leonora,Mauson,973-412-2995,leonora@yahoo.com
334,Winfred,Brucato,208-252-4552,winfred_brucato@hotmail.com
335,Tarra,Nachor,415-411-1775,tarra.nachor@cox.net
336,Corinne,Loder,508-942-4186,corinne@loder.org
337,Dulce,Labreche,248-357-8718,dulce_labreche@yahoo.com
338,Kate,Keneipp,920-353-6377,kate_keneipp@yahoo.com
339,Kaitlyn,Ogg,410-665-4903,kaitlyn.ogg@gmail.com
340,Sherita,Saras,719-669-1664,sherita.saras@cox.net
341,Lashawnda,Stuer,419-588-8719,lstuer@cox.net
342,Ernest,Syrop,301-998-9644,ernest@cox.net
343,Nobuko,Halsey,508-855-9887,nobuko.halsey@yahoo.com
344,Lavonna,Wolny,703-483-1970,lavonna.wolny@hotmail.com
345,Lashaunda,Lizama,410-678-2473,llizama@cox.net
346,Mariann,Bilden,512-223-4791,mariann.bilden@aol.com
347,Helene,Rodenberger,623-461-8551,helene@aol.com
348,Roselle,Estell,419-571-5920,roselle.estell@hotmail.com
349,Samira,Heintzman,206-311-4137,sheintzman@hotmail.com
350,Margart,Meisel,513-617-2362,margart_meisel@yahoo.com
351,Kristofer,Bennick,812-368-1511,kristofer.bennick@yahoo.com
352,Weldon,Acuff,847-353-2156,wacuff@gmail.com
353,Shalon,Shadrick,718-232-2337,shalon@cox.net
354,Denise,Patak,407-446-4358,denise@patak.org
355,Louvenia,Beech,310-820-2117,louvenia.beech@beech.com
356,Audry,Yaw,813-797-4816,audry.yaw@yaw.org
357,Kristel,Ehmann,915-452-1290,kristel.ehmann@aol.com
358,Vincenza,Zepp,619-603-5125,vzepp@gmail.com
359,Elouise,Gwalthney,301-841-5012,egwalthney@yahoo.com
360,Venita,Maillard,714-523-6653,venita_maillard@gmail.com
361,Kasandra,Semidey,314-732-9131,kasandra_semidey@semidey.com
362,Xochitl,Discipio,512-233-1831,xdiscipio@gmail.com
363,Maile,Linahan,336-670-2640,mlinahan@yahoo.com
364,Krissy,Rauser,631-443-4710,krauser@cox.net
365,Pete,Dubaldi,201-825-2514,pdubaldi@hotmail.com
366,Linn,Paa,901-412-4381,linn_paa@paa.com
367,Paris,Wide,404-505-4445,paris@hotmail.com
368,Wynell,Dorshorst,650-473-1262,wynell_dorshorst@dorshorst.org
369,Quentin,Birkner,952-702-7993,qbirkner@aol.com
370,Regenia,Kannady,480-726-1280,regenia.kannady@cox.net
371,Sheron,Louissant,718-976-8610,sheron@aol.com
372,Izetta,Funnell,770-844-3447,izetta.funnell@hotmail.com
373,Rodolfo,Butzen,507-210-3510,rodolfo@hotmail.com
374,Zona,Colla,203-461-1949,zona@hotmail.com
375,Serina,Zagen,260-273-3725,szagen@aol.com
376,Paz,Sahagun,601-927-8287,paz_sahagun@cox.net
377,Markus,Lukasik,586-970-7380,markus@yahoo.com
378,Jaclyn,Bachman,719-853-3600,jaclyn@aol.com
379,Cyril,Daufeldt,212-745-8484,cyril_daufeldt@daufeldt.com
380,Gayla,Schnitzler,510-686-3407,gschnitzler@gmail.com
381,Erick,Nievas,773-704-9903,erick_nievas@aol.com
382,Jennie,Drymon,570-218-4831,jennie@cox.net
383,Mitsue,Scipione,530-986-9272,mscipione@scipione.com
384,Ciara,Ventura,845-823-8877,cventura@yahoo.com
385,Galen,Cantres,216-600-6111,galen@yahoo.com
386,Truman,Feichtner,973-852-2736,tfeichtner@yahoo.com
387,Gail,Kitty,907-435-9166,gail@kitty.com
388,Dalene,Schoeneck,215-268-1275,dalene@schoeneck.org
389,Gertude,Witten,513-977-7043,gertude.witten@gmail.com
390,Lizbeth,Kohl,310-699-1222,lizbeth@yahoo.com
391,Glenn,Berray,515-370-7348,gberray@gmail.com
392,Lashandra,Klang,610-809-1818,lashandra@yahoo.com
393,Lenna,Newville,919-623-2524,lnewville@newville.com
394,Laurel,Pagliuca,509-695-5199,laurel@yahoo.com
395,Mireya,Frerking,914-868-5965,mireya.frerking@hotmail.com
396,Annelle,Tagala,410-757-1035,annelle@yahoo.com
397,Dean,Ketelsen,516-847-4418,dean_ketelsen@gmail.com
398,Levi,Munis,508-456-4907,levi.munis@gmail.com
399,Sylvie,Ryser,918-644-9555,sylvie@aol.com
400,Sharee,Maile,231-467-9978,sharee_maile@aol.com
401,Cordelia,Storment,337-566-6001,cordelia_storment@aol.com
402,Mollie,Mcdoniel,419-975-3182,mollie_mcdoniel@yahoo.com
403,Brett,Mccullan,619-461-9984,brett.mccullan@mccullan.com
404,Teddy,Pedrozo,203-892-3863,teddy_pedrozo@aol.com
405,Tasia,Andreason,201-920-9002,tasia_andreason@yahoo.com
406,Hubert,Walthall,330-903-1345,hubert@walthall.org
407,Arthur,Farrow,201-238-5688,arthur.farrow@yahoo.com
408,Vilma,Berlanga,616-737-3085,vberlanga@berlanga.com
409,Billye,Miro,601-567-5386,billye_miro@cox.net
410,Glenna,Slayton,901-640-9178,glenna_slayton@cox.net
411,Mitzie,Hudnall,303-402-1940,mitzie_hudnall@yahoo.com
412,Bernardine,Rodefer,901-901-4726,bernardine_rodefer@yahoo.com
413,Staci,Schmaltz,626-866-2339,staci_schmaltz@aol.com
414,Nichelle,Meteer,773-225-9985,nichelle_meteer@meteer.com
415,Janine,Rhoden,718-228-5894,jrhoden@yahoo.com
416,Ettie,Hoopengardner,509-755-5393,ettie.hoopengardner@hotmail.com
417,Eden,Jayson,410-890-7866,eden_jayson@yahoo.com
418,Lynelle,Auber,973-860-8610,lynelle_auber@gmail.com
419,Merissa,Tomblin,562-579-6900,merissa.tomblin@gmail.com
420,Golda,Kaniecki,732-628-9909,golda_kaniecki@yahoo.com
421,Catarina,Gleich,973-210-3994,catarina_gleich@hotmail.com
422,Virgie,Kiel,303-776-7548,vkiel@hotmail.com
423,Jolene,Ostolaza,757-682-7116,jolene@yahoo.com
424,Keneth,Borgman,602-919-4211,keneth@yahoo.com
425,Rikki,Nayar,305-968-9487,rikki@nayar.com
426,Elke,Sengbusch,602-896-2993,elke_sengbusch@yahoo.com
427,Hoa,Sarao,386-526-7800,hoa@sarao.org
428,Trinidad,Mcrae,415-331-9634,trinidad_mcrae@yahoo.com
429,Mari,Lueckenbach,858-793-9684,mari_lueckenbach@yahoo.com
430,Selma,Husser,201-991-8369,selma.husser@cox.net
431,Antione,Onofrio,909-430-7765,aonofrio@onofrio.com
432,Luisa,Jurney,617-365-2134,ljurney@hotmail.com
433,Clorinda,Heimann,760-291-5497,clorinda.heimann@hotmail.com
434,Dick,Wenzinger,310-510-9713,dick@yahoo.com
435,Ahmed,Angalich,717-528-8996,ahmed.angalich@angalich.com
436,Iluminada,Ohms,480-293-2882,iluminada.ohms@yahoo.com
437,Joanna,Leinenbach,561-470-4574,joanna_leinenbach@hotmail.com
438,Caprice,Suell,615-246-1824,caprice@aol.com
439,Stephane,Myricks,859-717-7638,stephane_myricks@cox.net
440,Quentin,Swayze,734-561-6170,quentin_swayze@yahoo.com
441,Annmarie,Castros,936-751-7961,annmarie_castros@gmail.com
442,Shonda,Greenbush,973-482-2430,shonda_greenbush@cox.net
443,Cecil,Lapage,201-693-3967,clapage@lapage.com
444,Jeanice,Claucherty,305-988-4162,jeanice.claucherty@yahoo.com
445,Josphine,Villanueva,931-553-9774,josphine_villanueva@villanueva.com
446,Daniel,Perruzza,714-771-3880,dperruzza@perruzza.com
447,Cassi,Wildfong,847-633-3216,cassi.wildfong@aol.com
448,Britt,Galam,215-888-3304,britt@galam.org
449,Adell,Lipkin,973-654-1561,adell.lipkin@lipkin.com
450,Jacqueline,Rowling,814-865-8113,jacqueline.rowling@yahoo.com
451,Lonny,Weglarz,801-293-9853,lonny_weglarz@gmail.com
452,Lonna,Diestel,910-922-3672,lonna_diestel@gmail.com
453,Cristal,Samara,213-975-8026,cristal@cox.net
454,Kenneth,Grenet,517-499-2322,kenneth.grenet@grenet.org
455,Elli,Mclaird,315-818-2638,emclaird@mclaird.com
456,Alline,Jeanty,574-656-2800,ajeanty@gmail.com
457,Sharika,Eanes,407-312-1691,sharika.eanes@aol.com
458,Nu,Mcnease,973-751-9003,nu@gmail.com
459,Daniela,Comnick,609-200-8577,dcomnick@cox.net
460,Cecilia,Colaizzo,608-382-4541,cecilia_colaizzo@colaizzo.com
461,Leslie,Threets,914-861-9748,leslie@cox.net
462,Nan,Koppinger,336-370-5333,nan@koppinger.com
463,Izetta,Dewar,410-473-1708,idewar@dewar.com
464,Tegan,Arceo,732-730-2692,tegan.arceo@arceo.org
465,Ruthann,Keener,830-258-2769,ruthann@hotmail.com
466,Joni,Breland,847-519-5906,joni_breland@cox.net
467,Vi,Rentfro,732-605-4781,vrentfro@cox.net
468,Colette,Kardas,402-896-5943,colette.kardas@yahoo.com
469,Malcolm,Tromblay,703-221-5602,malcolm_tromblay@cox.net
470,Ryan,Harnos,972-558-1665,ryan@cox.net
471,Jess,Chaffins,212-510-4633,jess.chaffins@chaffins.org
472,Sharen,Bourbon,516-816-1541,sbourbon@yahoo.com
473,Nickolas,Juvera,352-598-8301,nickolas_juvera@cox.net
474,Gary,Nunlee,317-542-6023,gary_nunlee@nunlee.org
475,Diane,Devreese,816-557-9673,diane@cox.net
476,Roslyn,Chavous,601-234-9632,roslyn.chavous@chavous.org
477,Glory,Schieler,325-869-2649,glory@yahoo.com
478,Rasheeda,Sayaphon,408-805-4309,rasheeda@aol.com
479,Alpha,Palaia,856-312-2629,alpha@yahoo.com
480,Refugia,Jacobos,510-974-8671,refugia.jacobos@jacobos.com
481,Shawnda,Yori,407-538-5106,shawnda.yori@yahoo.com
482,Mona,Delasancha,307-403-1488,mdelasancha@hotmail.com
483,Gilma,Liukko,516-393-9967,gilma_liukko@gmail.com
484,Janey,Gabisi,608-967-7194,jgabisi@hotmail.com
485,Lili,Paskin,201-431-2989,lili.paskin@cox.net
486,Loren,Asar,570-648-3035,loren.asar@aol.com
487,Dorothy,Chesterfield,858-617-7834,dorothy@cox.net
488,Gail,Similton,760-616-5388,gail_similton@similton.com
489,Catalina,Tillotson,609-373-3332,catalina@hotmail.com
490,Lawrence,Lorens,401-465-6432,lawrence.lorens@hotmail.com
491,Carlee,Boulter,785-347-1805,carlee.boulter@hotmail.com
492,Thaddeus,Ankeny,916-920-3571,tankeny@ankeny.org
493,Jovita,Oles,386-248-4118,joles@gmail.com
494,Alesia,Hixenbaugh,202-646-7516,alesia_hixenbaugh@hixenbaugh.org
495,Lai,Harabedian,415-423-3294,lai@gmail.com
496,Brittni,Gillaspie,208-709-1235,bgillaspie@gillaspie.com
497,Raylene,Kampa,574-499-1454,rkampa@kampa.org
498,Flo,Bookamer,308-726-2182,flo.bookamer@cox.net
499,Jani,Biddy,206-711-6498,jbiddy@yahoo.com
500,Chauncey,Motley,407-413-4842,chauncey_motley@aol.com
