id,id_pratica,data_creazione,stato_pratica,note,id_cliente
1,504-621-8927,2016-03-15 00:00:00,open,jbutt@gmail.com,1
2,810-292-9388,2016-03-15 00:00:00,open,josephine_darakjy@darakjy.org,2
3,856-636-8749,2016-03-15 00:00:00,open,art@venere.org,3
4,907-385-4412,2016-03-15 00:00:00,close,lpaprocki@hotmail.com,4
5,513-570-1893,2016-03-15 00:00:00,close,donette.foller@cox.net,5
6,419-503-2484,2016-03-15 00:00:00,close,simona@morasca.com,6
7,773-573-6914,2016-03-15 00:00:00,open,mitsue_tollner@yahoo.com,7
8,408-752-3500,2016-03-15 00:00:00,close,leota@hotmail.com,1
9,605-414-2147,2016-03-15 00:00:00,open,sage_wieser@cox.net,3
10,410-655-8723,2016-03-15 00:00:00,open,kris@gmail.com,3
11,215-874-1229,2016-03-15 00:00:00,open,minna_amigon@yahoo.com,8
12,631-335-3414,2016-03-15 00:00:00,open,amaclead@gmail.com,9
13,310-498-5651,2016-03-15 00:00:00,close,kiley.caldarera@aol.com,10
14,440-780-8425,2016-03-15 00:00:00,close,gruta@cox.net,11
15,956-537-6195,2016-03-15 00:00:00,close,calbares@gmail.com,12
16,602-277-4385,2016-03-15 00:00:00,open,mattie@aol.com,13
17,931-313-9635,2016-03-15 00:00:00,close,meaghan@hotmail.com,14
18,414-661-9598,2016-03-15 00:00:00,open,gladys.rim@rim.org,15
19,313-288-7937,2016-03-15 00:00:00,open,yuki_whobrey@aol.com,16
20,815-828-2147,2016-03-15 00:00:00,open,fletcher.flosi@yahoo.com,17
21,610-545-3615,2016-03-15 00:00:00,open,bette_nicka@cox.net,18
22,408-540-1785,2016-03-15 00:00:00,close,vinouye@aol.com,19
23,972-303-9197,2016-03-15 00:00:00,close,willard@hotmail.com,20
24,518-966-7987,2016-03-15 00:00:00,close,mroyster@royster.com,21
25,732-658-3154,2016-03-15 00:00:00,open,alisha@slusarski.com,22
26,715-662-6764,2016-03-15 00:00:00,close,allene_iturbide@cox.net,23
27,913-388-2079,2016-03-15 00:00:00,open,chanel.caudy@caudy.org,24
28,410-669-1642,2016-03-15 00:00:00,open,ezekiel@chui.com,25
29,212-582-4976,2016-03-15 00:00:00,open,wkusko@yahoo.com,26
30,936-336-3951,2016-03-15 00:00:00,open,bfigeroa@aol.com,27
31,614-801-9788,2016-03-15 00:00:00,close,ammie@corrio.com,28
32,505-977-3911,2016-03-15 00:00:00,close,francine_vocelka@vocelka.com,29
33,201-709-6245,2016-03-15 00:00:00,close,ernie_stenseth@aol.com,30
34,732-924-7882,2016-03-15 00:00:00,open,albina@glick.com,31
35,212-860-1579,2016-03-15 00:00:00,close,asergi@gmail.com,32
36,504-979-9175,2016-03-15 00:00:00,open,solange@shinko.com,33
37,212-675-8570,2016-03-15 00:00:00,open,jose@yahoo.com,34
38,805-832-6163,2016-03-15 00:00:00,open,rozella.ostrosky@ostrosky.com,35
39,210-812-9597,2016-03-15 00:00:00,open,valentine_gillian@gmail.com,36
40,785-463-7829,2016-03-15 00:00:00,close,kati.rulapaugh@hotmail.com,37
41,541-548-8197,2016-03-15 00:00:00,close,youlanda@aol.com,38
42,913-413-4604,2016-03-15 00:00:00,close,doldroyd@aol.com,39
43,907-231-4722,2016-03-15 00:00:00,open,roxane@hotmail.com,40
44,305-606-7291,2016-03-15 00:00:00,close,lperin@perin.org,41
45,907-741-1044,2016-03-15 00:00:00,open,erick.ferencz@aol.com,42
46,952-768-2416,2016-03-15 00:00:00,open,fsaylors@saylors.org,43
47,617-399-5124,2016-03-15 00:00:00,open,jina_briddick@briddick.com,44
48,323-453-2780,2016-03-15 00:00:00,open,kanisha_waycott@yahoo.com,45
49,608-336-7444,2016-03-15 00:00:00,close,emerson.bowley@bowley.org,46
50,215-907-9111,2016-03-15 00:00:00,close,bmalet@yahoo.com,47
51,212-402-9216,2016-03-15 00:00:00,close,bbolognia@yahoo.com,48
52,931-875-6644,2016-03-15 00:00:00,open,lnestle@hotmail.com,49
53,803-925-5213,2016-03-15 00:00:00,close,sabra@uyetake.org,50
54,610-814-5533,2016-03-15 00:00:00,open,mmastella@mastella.com,51
55,908-877-6135,2016-03-15 00:00:00,open,karl_klonowski@yahoo.com,52
56,516-968-6051,2016-03-15 00:00:00,open,twenner@aol.com,53
57,215-934-8655,2016-03-15 00:00:00,open,amber_monarrez@monarrez.org,54
58,818-423-4007,2016-03-15 00:00:00,close,shenika@gmail.com,55
59,401-458-2547,2016-03-15 00:00:00,close,delmy.ahle@hotmail.com,56
60,215-211-9589,2016-03-15 00:00:00,close,deeanna_juhas@gmail.com,57
61,401-960-8259,2016-03-15 00:00:00,open,bpugh@aol.com,58
62,732-234-1546,2016-03-15 00:00:00,close,jamal@vanausdal.org,59
63,512-486-3817,2016-03-15 00:00:00,open,cecily@hollack.org,60
64,303-724-7371,2016-03-15 00:00:00,open,carmelina_lindall@lindall.com,61
65,414-748-1374,2016-03-15 00:00:00,open,maurine_yglesias@yglesias.com,62
66,212-674-9610,2016-03-15 00:00:00,open,tawna@gmail.com,63
67,907-797-9628,2016-03-15 00:00:00,close,penney_weight@aol.com,64
68,814-393-5571,2016-03-15 00:00:00,close,elly_morocco@gmail.com,65
69,410-914-9018,2016-03-15 00:00:00,close,ilene.eroman@hotmail.com,66
70,208-862-5339,2016-03-15 00:00:00,open,vmondella@mondella.com,67
71,415-315-2761,2016-03-15 00:00:00,close,kallie.blackwood@gmail.com,68
72,919-225-9345,2016-03-15 00:00:00,open,johnetta_abdallah@aol.com,69
73,650-528-5783,2016-03-15 00:00:00,open,brhym@rhym.com,70
74,925-647-3298,2016-03-15 00:00:00,open,micaela_rhymes@gmail.com,71
75,740-343-8575,2016-03-15 00:00:00,open,tamar@hotmail.com,72
76,585-866-8313,2016-03-15 00:00:00,close,moon@yahoo.com,73
77,410-520-4832,2016-03-15 00:00:00,close,laurel_reitler@reitler.com,74
78,973-354-2040,2016-03-15 00:00:00,close,delisa.crupi@crupi.com,75
79,773-446-5569,2016-03-15 00:00:00,open,viva.toelkes@gmail.com,76
80,973-927-3447,2016-03-15 00:00:00,close,elza@yahoo.com,77
81,505-975-8559,2016-03-15 00:00:00,open,devorah@hotmail.com,78
82,718-332-6527,2016-03-15 00:00:00,open,timothy_mulqueen@mulqueen.org,79
83,904-775-4480,2016-03-15 00:00:00,open,ahoneywell@honeywell.com,80
84,510-993-3758,2016-03-15 00:00:00,open,dominque.dickerson@dickerson.org,81
85,216-657-7668,2016-03-15 00:00:00,close,lettie_isenhower@yahoo.com,82
86,817-914-7518,2016-03-15 00:00:00,close,mmunns@cox.net,83
87,310-774-7643,2016-03-15 00:00:00,close,stephaine@barfield.com,84
88,847-728-7286,2016-03-15 00:00:00,open,lai.gato@gato.org,85
89,330-537-5358,2016-03-15 00:00:00,close,stephen_emigh@hotmail.com,86
90,215-255-1641,2016-03-15 00:00:00,open,tshields@gmail.com,87
91,650-803-1936,2016-03-15 00:00:00,open,twardrip@cox.net,88
92,626-572-1096,2016-03-15 00:00:00,open,cory.gibes@gmail.com,89
93,254-782-8569,2016-03-15 00:00:00,open,danica_bruschke@gmail.com,90
94,907-870-5536,2016-03-15 00:00:00,close,wilda@cox.net,91
95,408-703-8505,2016-03-15 00:00:00,close,elvera.benimadho@cox.net,92
96,510-503-7169,2016-03-15 00:00:00,close,carma@cox.net,93
97,317-722-5066,2016-03-15 00:00:00,open,malinda.hochard@yahoo.com,94
98,307-704-8713,2016-03-15 00:00:00,close,natalie.fern@hotmail.com,95
99,703-235-3937,2016-03-15 00:00:00,open,lisha@centini.org,96
100,504-710-5840,2016-03-15 00:00:00,open,arlene_klusman@gmail.com,97
101,303-301-4946,2016-03-15 00:00:00,open,alease@buemi.com,98
102,510-828-7047,2016-03-15 00:00:00,open,louisa@cronauer.com,99
103,808-892-7943,2016-03-15 00:00:00,close,angella.cetta@hotmail.com,100
104,952-334-9408,2016-03-15 00:00:00,close,cgoldammer@cox.net,101
105,336-243-5659,2016-03-15 00:00:00,close,rosio.cork@gmail.com,102
106,516-509-2347,2016-03-15 00:00:00,open,ckorando@hotmail.com,103
107,503-939-3153,2016-03-15 00:00:00,close,twana.felger@felger.org,104
108,608-976-7199,2016-03-15 00:00:00,open,estrella@aol.com,105
109,508-429-8576,2016-03-15 00:00:00,open,dkines@hotmail.com,106
110,305-385-9695,2016-03-15 00:00:00,open,tiffiny_steffensmeier@cox.net,107
111,814-460-2655,2016-03-15 00:00:00,open,emiceli@miceli.org,108
112,972-666-3413,2016-03-15 00:00:00,close,sue@aol.com,109
113,931-273-8709,2016-03-15 00:00:00,close,jshin@shin.com,110
114,973-649-2922,2016-03-15 00:00:00,close,rolland@cox.net,111
115,305-420-8970,2016-03-15 00:00:00,open,pamella.schmierer@schmierer.org,112
116,410-224-9462,2016-03-15 00:00:00,close,gkulzer@kulzer.org,113
117,805-275-3566,2016-03-15 00:00:00,open,shawna_palaspas@palaspas.org,114
118,808-215-6832,2016-03-15 00:00:00,open,brandon_callaro@hotmail.com,115
119,229-735-3378,2016-03-15 00:00:00,open,scarlet.cartan@yahoo.com,116
120,617-418-5043,2016-03-15 00:00:00,open,oretha_menter@yahoo.com,117
121,201-672-1553,2016-03-15 00:00:00,close,tsmith@aol.com,118
122,650-933-5072,2016-03-15 00:00:00,close,xuan@gmail.com,119
123,909-639-9887,2016-03-15 00:00:00,close,lindsey.dilello@hotmail.com,120
124,510-955-3016,2016-03-15 00:00:00,open,devora_perez@perez.org,121
125,518-497-2940,2016-03-15 00:00:00,close,hdemesa@cox.net,122
126,570-867-7489,2016-03-15 00:00:00,open,rpapasergi@cox.net,123
127,973-245-2133,2016-03-15 00:00:00,open,talia_riopelle@aol.com,124
128,908-409-2890,2016-03-15 00:00:00,open,van.shire@shire.com,125
129,321-749-4981,2016-03-15 00:00:00,open,lucina_lary@cox.net,126
130,718-809-3762,2016-03-15 00:00:00,close,bok.isaacs@aol.com,127
131,808-315-3077,2016-03-15 00:00:00,close,rolande.spickerman@spickerman.com,128
132,303-623-4241,2016-03-15 00:00:00,close,hpaulas@gmail.com,129
133,973-310-1634,2016-03-15 00:00:00,open,kimbery_madarang@cox.net,130
134,609-524-3586,2016-03-15 00:00:00,close,thurman.manno@yahoo.com,131
135,908-877-8409,2016-03-15 00:00:00,open,becky.mirafuentes@mirafuentes.com,132
136,508-584-4279,2016-03-15 00:00:00,open,beatriz@yahoo.com,133
137,773-775-4522,2016-03-15 00:00:00,open,marti.maybury@yahoo.com,134
138,503-527-5274,2016-03-15 00:00:00,open,nieves_gotter@gmail.com,135
139,214-339-1809,2016-03-15 00:00:00,close,lhagele@cox.net,136
140,312-303-5453,2016-03-15 00:00:00,close,vklimek@klimek.org,137
141,419-939-3613,2016-03-15 00:00:00,close,melissa@cox.net,138
142,951-645-3605,2016-03-15 00:00:00,open,sheridan.zane@zane.com,139
143,254-463-4368,2016-03-15 00:00:00,close,bulah_padilla@hotmail.com,140
144,615-406-7854,2016-03-15 00:00:00,open,audra@kohnert.com,141
145,414-959-2540,2016-03-15 00:00:00,open,dweirather@aol.com,142
146,410-387-5260,2016-03-15 00:00:00,open,fjillson@aol.com,143
147,972-934-6914,2016-03-15 00:00:00,open,gearldine_gellinger@gellinger.com,144
148,310-560-8022,2016-03-15 00:00:00,close,chau@gmail.com,145
149,516-948-5768,2016-03-15 00:00:00,close,theola_frey@frey.com,146
150,609-518-7697,2016-03-15 00:00:00,close,cheryl@haroldson.org,147
151,513-508-7371,2016-03-15 00:00:00,open,lmerced@gmail.com,148
152,541-326-4074,2016-03-15 00:00:00,close,carissa.batman@yahoo.com,149
153,919-533-3762,2016-03-15 00:00:00,open,lezlie.craghead@craghead.org,150
154,212-332-8435,2016-03-15 00:00:00,open,oshealy@hotmail.com,151
155,602-906-9419,2016-03-15 00:00:00,open,arminda@parvis.com,152
156,317-234-1135,2016-03-15 00:00:00,open,reita.leto@gmail.com,153
157,315-304-4759,2016-03-15 00:00:00,close,yolando@cox.net,154
158,856-487-5412,2016-03-15 00:00:00,close,lizette.stem@aol.com,155
159,516-212-1915,2016-03-15 00:00:00,close,gpawlowicz@yahoo.com,156
160,501-308-1040,2016-03-15 00:00:00,open,cdeleo@deleo.com,157
161,651-591-2583,2016-03-15 00:00:00,close,chantell@yahoo.com,158
162,215-325-3042,2016-03-15 00:00:00,open,dyum@yahoo.com,159
163,985-890-7262,2016-03-15 00:00:00,open,larae_gudroe@gmail.com,160
164,631-957-7624,2016-03-15 00:00:00,open,latrice.tolfree@hotmail.com,161
165,916-591-3277,2016-03-15 00:00:00,open,kerry.theodorov@gmail.com,162
166,208-649-2373,2016-03-15 00:00:00,close,dhidvegi@yahoo.com,163
167,512-587-5746,2016-03-15 00:00:00,close,fannie.lungren@yahoo.com,164
168,215-964-3284,2016-03-15 00:00:00,close,evangelina@aol.com,165
169,808-477-4775,2016-03-15 00:00:00,open,novella_degroot@degroot.org,166
170,775-501-8109,2016-03-15 00:00:00,close,choa@hoa.org,167
171,847-979-9545,2016-03-15 00:00:00,open,jfallick@yahoo.com,168
172,973-545-7355,2016-03-15 00:00:00,open,irma.wolfgramm@hotmail.com,169
173,864-256-3620,2016-03-15 00:00:00,open,eun@yahoo.com,170
174,410-209-9545,2016-03-15 00:00:00,open,sylvia_cousey@cousey.org,171
175,914-855-2115,2016-03-15 00:00:00,close,nana@aol.com,172
176,212-260-3151,2016-03-15 00:00:00,close,layla.springe@cox.net,173
177,510-677-9785,2016-03-15 00:00:00,close,joesph_degonia@degonia.org,174
178,978-697-6263,2016-03-15 00:00:00,open,annabelle.boord@cox.net,175
179,415-767-6596,2016-03-15 00:00:00,close,stephaine@cox.net,176
180,201-971-1638,2016-03-15 00:00:00,open,nelida@gmail.com,177
181,925-634-7158,2016-03-15 00:00:00,open,marguerita.hiatt@gmail.com,178
182,773-494-4195,2016-03-15 00:00:00,open,ccookey@cookey.org,179
183,973-943-3423,2016-03-15 00:00:00,open,jbrideau@aol.com,180
184,419-544-4900,2016-03-15 00:00:00,close,claribel_varriano@cox.net,181
185,310-579-2907,2016-03-15 00:00:00,close,benton.skursky@aol.com,182
186,352-242-2570,2016-03-15 00:00:00,close,hillary.skulski@aol.com,183
187,408-758-5015,2016-03-15 00:00:00,open,merilyn_bayless@cox.net,184
188,570-889-5187,2016-03-15 00:00:00,close,tennaco@gmail.com,185
189,201-588-7810,2016-03-15 00:00:00,open,merlyn_lawler@hotmail.com,186
190,925-615-5185,2016-03-15 00:00:00,open,gmontezuma@cox.net,187
191,908-802-3564,2016-03-15 00:00:00,open,jmconnell@hotmail.com,188
192,631-748-6479,2016-03-15 00:00:00,open,lemuel.latzke@gmail.com,189
193,805-690-1682,2016-03-15 00:00:00,close,mknipp@gmail.com,190
194,908-275-8357,2016-03-15 00:00:00,close,candida_corbley@hotmail.com,191
195,503-940-8327,2016-03-15 00:00:00,close,karan_karpin@gmail.com,192
196,503-516-2189,2016-03-15 00:00:00,open,andra@gmail.com,193
197,856-305-9731,2016-03-15 00:00:00,close,fpoullion@poullion.com,194
198,770-507-8791,2016-03-15 00:00:00,open,belen_strassner@aol.com,195
199,904-235-3633,2016-03-15 00:00:00,open,gracia@melnyk.com,196
200,207-458-9196,2016-03-15 00:00:00,open,jhanafan@gmail.com,197
201,817-765-5781,2016-03-15 00:00:00,open,barrett.toyama@toyama.org,198
202,716-752-4114,2016-03-15 00:00:00,close,helga_fredicks@yahoo.com,199
203,305-670-9628,2016-03-15 00:00:00,close,apinilla@cox.net,200
204,212-313-1783,2016-03-15 00:00:00,close,fausto_agramonte@yahoo.com,201
205,215-605-7570,2016-03-15 00:00:00,open,ronny.caiafa@caiafa.org,202
206,850-430-1663,2016-03-15 00:00:00,close,marge@gmail.com,203
207,415-306-7897,2016-03-15 00:00:00,open,norah.waymire@gmail.com,204
208,408-504-3552,2016-03-15 00:00:00,open,aliza@aol.com,205
209,650-947-1215,2016-03-15 00:00:00,open,mpelkowski@pelkowski.org,206
210,818-864-4875,2016-03-15 00:00:00,open,viola@gmail.com,207
211,215-558-8189,2016-03-15 00:00:00,close,femard@emard.com,208
212,337-253-8384,2016-03-15 00:00:00,close,willodean_konopacki@konopacki.org,209
213,313-533-4884,2016-03-15 00:00:00,close,beckie.silvestrini@silvestrini.com,210
214,512-213-8574,2016-03-15 00:00:00,open,rgesick@gesick.org,211
215,214-428-2285,2016-03-15 00:00:00,close,frederica_blunk@gmail.com,212
216,206-697-5796,2016-03-15 00:00:00,open,glen_bartolet@hotmail.com,213
217,610-476-3501,2016-03-15 00:00:00,open,freeman_gochal@aol.com,214
218,215-372-1718,2016-03-15 00:00:00,open,vincent.meinerding@hotmail.com,215
219,310-858-5079,2016-03-15 00:00:00,open,rima@cox.net,216
220,707-653-8214,2016-03-15 00:00:00,close,gsarbacher@gmail.com,217
221,407-808-9439,2016-03-15 00:00:00,close,avery@cox.net,218
222,760-971-4322,2016-03-15 00:00:00,close,cristy@lother.com,219
223,508-837-9230,2016-03-15 00:00:00,open,nicolette_brossart@brossart.com,220
224,936-264-9294,2016-03-15 00:00:00,close,tracey@hotmail.com,221
225,414-214-8697,2016-03-15 00:00:00,open,virgina_tegarden@tegarden.com,222
226,626-636-4117,2016-03-15 00:00:00,open,tfrankel@aol.com,223
227,914-300-9193,2016-03-15 00:00:00,open,alaine_bergesen@cox.net,224
228,214-289-1973,2016-03-15 00:00:00,open,earleen_mai@cox.net,225
229,228-235-5615,2016-03-15 00:00:00,close,leonida@gobern.org,226
230,305-604-8981,2016-03-15 00:00:00,close,ressie.auffrey@yahoo.com,227
231,212-304-9225,2016-03-15 00:00:00,close,jmugnolo@yahoo.com,228
232,201-474-4924,2016-03-15 00:00:00,open,eladia@saulter.com,229
233,734-928-5182,2016-03-15 00:00:00,close,chaya@malvin.com,230
234,631-258-6558,2016-03-15 00:00:00,open,gwenn_suffield@suffield.org,231
235,330-791-8557,2016-03-15 00:00:00,open,skarpel@cox.net,232
236,203-506-4706,2016-03-15 00:00:00,open,yoko@fishburne.com,233
237,703-322-4041,2016-03-15 00:00:00,open,taryn.moyd@hotmail.com,234
238,978-626-2978,2016-03-15 00:00:00,close,katina_polidori@aol.com,235
239,419-693-1334,2016-03-15 00:00:00,close,rickie.plumer@aol.com,236
240,253-660-7821,2016-03-15 00:00:00,close,alex@loader.com,237
241,916-741-7884,2016-03-15 00:00:00,open,lashon@aol.com,238
242,307-342-7795,2016-03-15 00:00:00,close,lburnard@burnard.com,239
243,207-627-7565,2016-03-15 00:00:00,open,ceola.setter@setter.org,240
244,215-491-5633,2016-03-15 00:00:00,open,my@hotmail.com,241
245,813-769-2939,2016-03-15 00:00:00,open,lorrine.worlds@worlds.com,242
246,619-608-1763,2016-03-15 00:00:00,open,peggie@cox.net,243
247,979-718-8968,2016-03-15 00:00:00,close,mraymo@yahoo.com,244
248,847-233-3075,2016-03-15 00:00:00,close,daron_dinos@cox.net,245
249,609-228-5265,2016-03-15 00:00:00,close,an_fritz@hotmail.com,246
250,908-722-7128,2016-03-15 00:00:00,open,portia.stimmel@aol.com,247
251,718-560-9537,2016-03-15 00:00:00,close,rhea_aredondo@cox.net,248
252,314-787-1588,2016-03-15 00:00:00,open,bsama@cox.net,249
253,209-317-1801,2016-03-15 00:00:00,open,alyce@arias.org,250
254,973-936-5095,2016-03-15 00:00:00,open,heike@gmail.com,251
255,317-578-2453,2016-03-15 00:00:00,open,carey_dopico@dopico.org,252
256,206-540-6076,2016-03-15 00:00:00,close,dottie@hellickson.org,253
257,336-822-7652,2016-03-15 00:00:00,close,deandrea@yahoo.com,254
258,785-629-8542,2016-03-15 00:00:00,close,kimberlie_duenas@yahoo.com,255
259,407-471-6908,2016-03-15 00:00:00,open,martina_staback@staback.com,256
260,612-508-2655,2016-03-15 00:00:00,close,skye_fillingim@yahoo.com,257
261,803-352-5387,2016-03-15 00:00:00,open,jade.farrar@yahoo.com,258
262,707-300-1771,2016-03-15 00:00:00,open,charlene.hamilton@hotmail.com,259
263,847-222-1734,2016-03-15 00:00:00,open,geoffrey@gmail.com,260
264,949-867-4077,2016-03-15 00:00:00,open,stevie.westerbeck@yahoo.com,261
265,303-404-2210,2016-03-15 00:00:00,close,pamella@fortino.com,262
266,203-801-6193,2016-03-15 00:00:00,close,hhaufler@hotmail.com,263
267,425-986-7573,2016-03-15 00:00:00,close,jengelberg@engelberg.org,264
268,440-989-5826,2016-03-15 00:00:00,open,buddy.cloney@yahoo.com,265
269,603-315-6839,2016-03-15 00:00:00,close,dalene.riden@aol.com,266
270,321-518-5938,2016-03-15 00:00:00,open,jzurcher@zurcher.org,267
271,212-792-8658,2016-03-15 00:00:00,open,hdenooyer@denooyer.org,268
272,714-584-2237,2016-03-15 00:00:00,open,joseph_cryer@cox.net,269
273,248-913-4677,2016-03-15 00:00:00,open,deonna_kippley@hotmail.com,270
274,317-825-4724,2016-03-15 00:00:00,close,raymon.calvaresi@gmail.com,271
275,940-276-7922,2016-03-15 00:00:00,close,alecia@aol.com,272
276,203-721-3388,2016-03-15 00:00:00,close,mlayous@hotmail.com,273
277,410-739-9277,2016-03-15 00:00:00,open,detra@aol.com,274
278,504-463-4384,2016-03-15 00:00:00,close,terrilyn.rodeigues@cox.net,275
279,804-550-5097,2016-03-15 00:00:00,open,slacovara@gmail.com,276
280,215-979-8776,2016-03-15 00:00:00,open,garry_keetch@hotmail.com,277
281,952-651-7597,2016-03-15 00:00:00,open,mneither@yahoo.com,278
282,305-936-8226,2016-03-15 00:00:00,open,theodora.restrepo@restrepo.com,279
283,414-263-5287,2016-03-15 00:00:00,close,noah.kalafatis@aol.com,280
284,732-941-2621,2016-03-15 00:00:00,close,csweigard@sweigard.com,281
285,701-898-2154,2016-03-15 00:00:00,close,lavonda@cox.net,282
286,775-638-9963,2016-03-15 00:00:00,open,junita@aol.com,283
287,602-954-5141,2016-03-15 00:00:00,close,herminia@nicolozakes.org,284
288,615-390-2251,2016-03-15 00:00:00,open,casie.good@aol.com,285
289,410-351-1863,2016-03-15 00:00:00,open,reena@hotmail.com,286
290,212-870-1286,2016-03-15 00:00:00,open,mirta_mallett@gmail.com,287
291,806-703-1435,2016-03-15 00:00:00,open,cathrine.pontoriero@pontoriero.com,288
292,323-765-2528,2016-03-15 00:00:00,close,ftawil@hotmail.com,289
293,619-509-5282,2016-03-15 00:00:00,close,rupthegrove@yahoo.com,290
294,770-732-1194,2016-03-15 00:00:00,close,sarah.candlish@gmail.com,291
295,508-769-5250,2016-03-15 00:00:00,open,lucy@cox.net,292
296,269-756-7222,2016-03-15 00:00:00,close,jaquas@aquas.com,293
297,973-714-1721,2016-03-15 00:00:00,open,yvonne.tjepkema@hotmail.com,294
298,337-740-9323,2016-03-15 00:00:00,open,kayleigh.lace@yahoo.com,295
299,717-491-5643,2016-03-15 00:00:00,open,felix_hirpara@cox.net,296
300,314-359-9566,2016-03-15 00:00:00,open,tresa_sweely@hotmail.com,297
301,817-213-8851,2016-03-15 00:00:00,close,kristeen@gmail.com,298
302,813-932-8715,2016-03-15 00:00:00,close,jregusters@regusters.com,299
303,770-679-4752,2016-03-15 00:00:00,close,renea@hotmail.com,300
304,760-938-6069,2016-03-15 00:00:00,open,olive@aol.com,301
305,517-906-1108,2016-03-15 00:00:00,close,lreiber@cox.net,302
306,602-390-4944,2016-03-15 00:00:00,open,christiane.eschberger@yahoo.com,303
307,207-295-7569,2016-03-15 00:00:00,open,goldie.schirpke@yahoo.com,304
308,301-696-6420,2016-03-15 00:00:00,open,loreta.timenez@hotmail.com,305
309,717-809-3119,2016-03-15 00:00:00,open,fabiola.hauenstein@hauenstein.org,306
310,972-419-7946,2016-03-15 00:00:00,close,amie.perigo@yahoo.com,307
311,406-318-1515,2016-03-15 00:00:00,close,raina.brachle@brachle.org,308
312,973-767-3008,2016-03-15 00:00:00,close,erinn.canlas@canlas.com,309
313,248-980-6904,2016-03-15 00:00:00,open,cherry@lietz.com,310
314,216-923-3715,2016-03-15 00:00:00,close,kattie@vonasek.org,311
315,325-631-1560,2016-03-15 00:00:00,open,lilli@aol.com,312
316,817-526-4408,2016-03-15 00:00:00,open,whitley.tomasulo@aol.com,313
317,718-201-3751,2016-03-15 00:00:00,open,badkin@hotmail.com,314
318,401-893-4882,2016-03-15 00:00:00,open,hermila_thyberg@hotmail.com,315
319,717-885-9118,2016-03-15 00:00:00,close,jesusita.flister@hotmail.com,316
320,401-948-4982,2016-03-15 00:00:00,close,caitlin.julia@julia.org,317
321,305-622-4739,2016-03-15 00:00:00,close,roosevelt.hoffis@aol.com,318
322,201-832-4168,2016-03-15 00:00:00,open,hhalter@yahoo.com,319
323,210-856-4979,2016-03-15 00:00:00,close,lorean.martabano@hotmail.com,320
324,718-478-8504,2016-03-15 00:00:00,open,france.buzick@yahoo.com,321
325,909-993-3242,2016-03-15 00:00:00,open,jferrario@hotmail.com,322
326,216-230-4892,2016-03-15 00:00:00,open,adelina_nabours@gmail.com,323
327,212-304-4515,2016-03-15 00:00:00,open,ddhamer@cox.net,324
328,804-762-9576,2016-03-15 00:00:00,close,jerry.dallen@yahoo.com,325
329,706-221-4243,2016-03-15 00:00:00,close,leota.ragel@gmail.com,326
330,337-515-1438,2016-03-15 00:00:00,close,jamyot@hotmail.com,327
331,973-544-2677,2016-03-15 00:00:00,open,aja_gehrett@hotmail.com,328
332,607-407-3716,2016-03-15 00:00:00,close,kirk.herritt@aol.com,329
333,973-412-2995,2016-03-15 00:00:00,open,leonora@yahoo.com,330
334,208-252-4552,2016-03-15 00:00:00,open,winfred_brucato@hotmail.com,331
335,415-411-1775,2016-03-15 00:00:00,open,tarra.nachor@cox.net,332
336,508-942-4186,2016-03-15 00:00:00,open,corinne@loder.org,333
337,248-357-8718,2016-03-15 00:00:00,close,dulce_labreche@yahoo.com,334
338,920-353-6377,2016-03-15 00:00:00,close,kate_keneipp@yahoo.com,335
339,410-665-4903,2016-03-15 00:00:00,close,kaitlyn.ogg@gmail.com,336
340,719-669-1664,2016-03-15 00:00:00,open,sherita.saras@cox.net,337
341,419-588-8719,2016-03-15 00:00:00,close,lstuer@cox.net,338
342,301-998-9644,2016-03-15 00:00:00,open,ernest@cox.net,339
343,508-855-9887,2016-03-15 00:00:00,open,nobuko.halsey@yahoo.com,340
344,703-483-1970,2016-03-15 00:00:00,open,lavonna.wolny@hotmail.com,341
345,410-678-2473,2016-03-15 00:00:00,open,llizama@cox.net,342
346,512-223-4791,2016-03-15 00:00:00,close,mariann.bilden@aol.com,343
347,623-461-8551,2016-03-15 00:00:00,close,helene@aol.com,344
348,419-571-5920,2016-03-15 00:00:00,close,roselle.estell@hotmail.com,345
349,206-311-4137,2016-03-15 00:00:00,open,sheintzman@hotmail.com,346
350,513-617-2362,2016-03-15 00:00:00,close,margart_meisel@yahoo.com,347
351,812-368-1511,2016-03-15 00:00:00,open,kristofer.bennick@yahoo.com,348
352,847-353-2156,2016-03-15 00:00:00,open,wacuff@gmail.com,349
353,718-232-2337,2016-03-15 00:00:00,open,shalon@cox.net,350
354,407-446-4358,2016-03-15 00:00:00,open,denise@patak.org,351
355,310-820-2117,2016-03-15 00:00:00,close,louvenia.beech@beech.com,352
356,813-797-4816,2016-03-15 00:00:00,close,audry.yaw@yaw.org,353
357,915-452-1290,2016-03-15 00:00:00,close,kristel.ehmann@aol.com,354
358,619-603-5125,2016-03-15 00:00:00,open,vzepp@gmail.com,355
359,301-841-5012,2016-03-15 00:00:00,close,egwalthney@yahoo.com,356
360,714-523-6653,2016-03-15 00:00:00,open,venita_maillard@gmail.com,357
361,314-732-9131,2016-03-15 00:00:00,open,kasandra_semidey@semidey.com,358
362,512-233-1831,2016-03-15 00:00:00,open,xdiscipio@gmail.com,359
363,336-670-2640,2016-03-15 00:00:00,open,mlinahan@yahoo.com,360
364,631-443-4710,2016-03-15 00:00:00,close,krauser@cox.net,361
365,201-825-2514,2016-03-15 00:00:00,close,pdubaldi@hotmail.com,362
366,901-412-4381,2016-03-15 00:00:00,close,linn_paa@paa.com,363
367,404-505-4445,2016-03-15 00:00:00,open,paris@hotmail.com,364
368,650-473-1262,2016-03-15 00:00:00,close,wynell_dorshorst@dorshorst.org,365
369,952-702-7993,2016-03-15 00:00:00,open,qbirkner@aol.com,366
370,480-726-1280,2016-03-15 00:00:00,open,regenia.kannady@cox.net,367
371,718-976-8610,2016-03-15 00:00:00,open,sheron@aol.com,368
372,770-844-3447,2016-03-15 00:00:00,open,izetta.funnell@hotmail.com,369
373,507-210-3510,2016-03-15 00:00:00,close,rodolfo@hotmail.com,370
374,203-461-1949,2016-03-15 00:00:00,close,zona@hotmail.com,371
375,260-273-3725,2016-03-15 00:00:00,close,szagen@aol.com,372
376,601-927-8287,2016-03-15 00:00:00,open,paz_sahagun@cox.net,373
377,586-970-7380,2016-03-15 00:00:00,close,markus@yahoo.com,374
378,719-853-3600,2016-03-15 00:00:00,open,jaclyn@aol.com,375
379,212-745-8484,2016-03-15 00:00:00,open,cyril_daufeldt@daufeldt.com,376
380,510-686-3407,2016-03-15 00:00:00,open,gschnitzler@gmail.com,377
381,773-704-9903,2016-03-15 00:00:00,open,erick_nievas@aol.com,378
382,570-218-4831,2016-03-15 00:00:00,close,jennie@cox.net,379
383,530-986-9272,2016-03-15 00:00:00,close,mscipione@scipione.com,380
384,845-823-8877,2016-03-15 00:00:00,close,cventura@yahoo.com,381
385,216-600-6111,2016-03-15 00:00:00,open,galen@yahoo.com,382
386,973-852-2736,2016-03-15 00:00:00,close,tfeichtner@yahoo.com,383
387,907-435-9166,2016-03-15 00:00:00,open,gail@kitty.com,384
388,215-268-1275,2016-03-15 00:00:00,open,dalene@schoeneck.org,385
389,513-977-7043,2016-03-15 00:00:00,open,gertude.witten@gmail.com,386
390,310-699-1222,2016-03-15 00:00:00,open,lizbeth@yahoo.com,387
391,515-370-7348,2016-03-15 00:00:00,close,gberray@gmail.com,388
392,610-809-1818,2016-03-15 00:00:00,close,lashandra@yahoo.com,389
393,919-623-2524,2016-03-15 00:00:00,close,lnewville@newville.com,390
394,509-695-5199,2016-03-15 00:00:00,open,laurel@yahoo.com,391
395,914-868-5965,2016-03-15 00:00:00,close,mireya.frerking@hotmail.com,392
396,410-757-1035,2016-03-15 00:00:00,open,annelle@yahoo.com,393
397,516-847-4418,2016-03-15 00:00:00,open,dean_ketelsen@gmail.com,394
398,508-456-4907,2016-03-15 00:00:00,open,levi.munis@gmail.com,395
399,918-644-9555,2016-03-15 00:00:00,open,sylvie@aol.com,396
400,231-467-9978,2016-03-15 00:00:00,close,sharee_maile@aol.com,397
401,337-566-6001,2016-03-15 00:00:00,close,cordelia_storment@aol.com,398
402,419-975-3182,2016-03-15 00:00:00,close,mollie_mcdoniel@yahoo.com,399
403,619-461-9984,2016-03-15 00:00:00,open,brett.mccullan@mccullan.com,400
404,203-892-3863,2016-03-15 00:00:00,close,teddy_pedrozo@aol.com,401
405,201-920-9002,2016-03-15 00:00:00,open,tasia_andreason@yahoo.com,402
406,330-903-1345,2016-03-15 00:00:00,open,hubert@walthall.org,403
407,201-238-5688,2016-03-15 00:00:00,open,arthur.farrow@yahoo.com,404
408,616-737-3085,2016-03-15 00:00:00,open,vberlanga@berlanga.com,405
409,601-567-5386,2016-03-15 00:00:00,close,billye_miro@cox.net,406
410,901-640-9178,2016-03-15 00:00:00,close,glenna_slayton@cox.net,407
411,303-402-1940,2016-03-15 00:00:00,close,mitzie_hudnall@yahoo.com,408
412,901-901-4726,2016-03-15 00:00:00,open,bernardine_rodefer@yahoo.com,409
413,626-866-2339,2016-03-15 00:00:00,close,staci_schmaltz@aol.com,410
414,773-225-9985,2016-03-15 00:00:00,open,nichelle_meteer@meteer.com,411
415,718-228-5894,2016-03-15 00:00:00,open,jrhoden@yahoo.com,412
416,509-755-5393,2016-03-15 00:00:00,open,ettie.hoopengardner@hotmail.com,413
417,410-890-7866,2016-03-15 00:00:00,open,eden_jayson@yahoo.com,414
418,973-860-8610,2016-03-15 00:00:00,close,lynelle_auber@gmail.com,415
419,562-579-6900,2016-03-15 00:00:00,close,merissa.tomblin@gmail.com,416
420,732-628-9909,2016-03-15 00:00:00,close,golda_kaniecki@yahoo.com,417
421,973-210-3994,2016-03-15 00:00:00,open,catarina_gleich@hotmail.com,418
422,303-776-7548,2016-03-15 00:00:00,close,vkiel@hotmail.com,419
423,757-682-7116,2016-03-15 00:00:00,open,jolene@yahoo.com,420
424,602-919-4211,2016-03-15 00:00:00,open,keneth@yahoo.com,421
425,305-968-9487,2016-03-15 00:00:00,open,rikki@nayar.com,422
426,602-896-2993,2016-03-15 00:00:00,open,elke_sengbusch@yahoo.com,423
427,386-526-7800,2016-03-15 00:00:00,close,hoa@sarao.org,424
428,415-331-9634,2016-03-15 00:00:00,close,trinidad_mcrae@yahoo.com,425
429,858-793-9684,2016-03-15 00:00:00,close,mari_lueckenbach@yahoo.com,426
430,201-991-8369,2016-03-15 00:00:00,open,selma.husser@cox.net,427
431,909-430-7765,2016-03-15 00:00:00,close,aonofrio@onofrio.com,428
432,617-365-2134,2016-03-15 00:00:00,open,ljurney@hotmail.com,429
433,760-291-5497,2016-03-15 00:00:00,open,clorinda.heimann@hotmail.com,430
434,310-510-9713,2016-03-15 00:00:00,open,dick@yahoo.com,431
435,717-528-8996,2016-03-15 00:00:00,open,ahmed.angalich@angalich.com,432
436,480-293-2882,2016-03-15 00:00:00,close,iluminada.ohms@yahoo.com,433
437,561-470-4574,2016-03-15 00:00:00,close,joanna_leinenbach@hotmail.com,434
438,615-246-1824,2016-03-15 00:00:00,close,caprice@aol.com,435
439,859-717-7638,2016-03-15 00:00:00,open,stephane_myricks@cox.net,436
440,734-561-6170,2016-03-15 00:00:00,close,quentin_swayze@yahoo.com,437
441,936-751-7961,2016-03-15 00:00:00,open,annmarie_castros@gmail.com,438
442,973-482-2430,2016-03-15 00:00:00,open,shonda_greenbush@cox.net,439
443,201-693-3967,2016-03-15 00:00:00,open,clapage@lapage.com,440
444,305-988-4162,2016-03-15 00:00:00,open,jeanice.claucherty@yahoo.com,441
445,931-553-9774,2016-03-15 00:00:00,close,josphine_villanueva@villanueva.com,442
446,714-771-3880,2016-03-15 00:00:00,close,dperruzza@perruzza.com,443
447,847-633-3216,2016-03-15 00:00:00,close,cassi.wildfong@aol.com,444
448,215-888-3304,2016-03-15 00:00:00,open,britt@galam.org,445
449,973-654-1561,2016-03-15 00:00:00,close,adell.lipkin@lipkin.com,446
450,814-865-8113,2016-03-15 00:00:00,open,jacqueline.rowling@yahoo.com,447
451,801-293-9853,2016-03-15 00:00:00,open,lonny_weglarz@gmail.com,448
452,910-922-3672,2016-03-15 00:00:00,open,lonna_diestel@gmail.com,449
453,213-975-8026,2016-03-15 00:00:00,open,cristal@cox.net,450
454,517-499-2322,2016-03-15 00:00:00,close,kenneth.grenet@grenet.org,451
455,315-818-2638,2016-03-15 00:00:00,close,emclaird@mclaird.com,452
456,574-656-2800,2016-03-15 00:00:00,close,ajeanty@gmail.com,453
457,407-312-1691,2016-03-15 00:00:00,open,sharika.eanes@aol.com,454
458,973-751-9003,2016-03-15 00:00:00,close,nu@gmail.com,455
459,609-200-8577,2016-03-15 00:00:00,open,dcomnick@cox.net,456
460,608-382-4541,2016-03-15 00:00:00,open,cecilia_colaizzo@colaizzo.com,457
461,914-861-9748,2016-03-15 00:00:00,open,leslie@cox.net,458
462,336-370-5333,2016-03-15 00:00:00,open,nan@koppinger.com,459
463,410-473-1708,2016-03-15 00:00:00,close,idewar@dewar.com,460
464,732-730-2692,2016-03-15 00:00:00,close,tegan.arceo@arceo.org,461
465,830-258-2769,2016-03-15 00:00:00,close,ruthann@hotmail.com,462
466,847-519-5906,2016-03-15 00:00:00,open,joni_breland@cox.net,463
467,732-605-4781,2016-03-15 00:00:00,close,vrentfro@cox.net,464
468,402-896-5943,2016-03-15 00:00:00,open,colette.kardas@yahoo.com,465
469,703-221-5602,2016-03-15 00:00:00,open,malcolm_tromblay@cox.net,466
470,972-558-1665,2016-03-15 00:00:00,open,ryan@cox.net,467
471,212-510-4633,2016-03-15 00:00:00,open,jess.chaffins@chaffins.org,468
472,516-816-1541,2016-03-15 00:00:00,close,sbourbon@yahoo.com,469
473,352-598-8301,2016-03-15 00:00:00,close,nickolas_juvera@cox.net,470
474,317-542-6023,2016-03-15 00:00:00,close,gary_nunlee@nunlee.org,471
475,816-557-9673,2016-03-15 00:00:00,open,diane@cox.net,472
476,601-234-9632,2016-03-15 00:00:00,close,roslyn.chavous@chavous.org,473
477,325-869-2649,2016-03-15 00:00:00,open,glory@yahoo.com,474
478,408-805-4309,2016-03-15 00:00:00,open,rasheeda@aol.com,475
479,856-312-2629,2016-03-15 00:00:00,open,alpha@yahoo.com,476
480,510-974-8671,2016-03-15 00:00:00,open,refugia.jacobos@jacobos.com,477
481,407-538-5106,2016-03-15 00:00:00,close,shawnda.yori@yahoo.com,478
482,307-403-1488,2016-03-15 00:00:00,close,mdelasancha@hotmail.com,479
483,516-393-9967,2016-03-15 00:00:00,close,gilma_liukko@gmail.com,480
484,608-967-7194,2016-03-15 00:00:00,open,jgabisi@hotmail.com,481
485,201-431-2989,2016-03-15 00:00:00,close,lili.paskin@cox.net,482
486,570-648-3035,2016-03-15 00:00:00,open,loren.asar@aol.com,483
487,858-617-7834,2016-03-15 00:00:00,open,dorothy@cox.net,484
488,760-616-5388,2016-03-15 00:00:00,open,gail_similton@similton.com,485
489,609-373-3332,2016-03-15 00:00:00,open,catalina@hotmail.com,486
490,401-465-6432,2016-03-15 00:00:00,close,lawrence.lorens@hotmail.com,487
491,785-347-1805,2016-03-15 00:00:00,close,carlee.boulter@hotmail.com,488
492,916-920-3571,2016-03-15 00:00:00,close,tankeny@ankeny.org,489
493,386-248-4118,2016-03-15 00:00:00,open,joles@gmail.com,490
494,202-646-7516,2016-03-15 00:00:00,close,alesia_hixenbaugh@hixenbaugh.org,491
495,415-423-3294,2016-03-15 00:00:00,open,lai@gmail.com,492
496,208-709-1235,2016-03-15 00:00:00,open,bgillaspie@gillaspie.com,493
497,574-499-1454,2016-03-15 00:00:00,open,rkampa@kampa.org,494
498,308-726-2182,2016-03-15 00:00:00,open,flo.bookamer@cox.net,495
499,206-711-6498,2016-03-15 00:00:00,close,jbiddy@yahoo.com,496
500,407-413-4842,2016-03-15 00:00:00,close,chauncey_motley@aol.com,497
